# start	end	caption	confidence	text   (edit start/end by ear; build_mv.py reads this file)
12.22	14.64	verse1_1	mid	またねって言えた日は
14.98	18.21	verse1_1	mid	いつもより強くなれた気がして
18.80	21.02	verse1_2	mid	空にかかった虹が
21.26	23.08	verse1_2	mid	未来をつないだ
23.72	27.15	verse1_3	mid	言葉にできなかったありがとうも
27.54	29.76	verse1_3	mid	手を振ったあの日も
30.26	32.88	verse1_4	mid	全部全部忘れないよ
34.20	36.77	chorus1_5	mid	虹の向こうで会いたい
37.06	39.85	chorus1_5	mid	ひとりじゃないって思える
40.46	42.18	chorus1_6	mid	離れていても
42.52	44.45	chorus1_6	mid	ちゃんと覚えてる
44.98	47.77	chorus1_7	mid	心に咲く君の笑顔
48.46	50.18	chorus1_8	mid	虹の向こうで
50.38	51.67	chorus1_8	mid	もう一度
52.32	54.04	chorus1_9	mid	虹の向こうで
54.34	55.63	chorus1_9	mid	もう一度
57.00	59.00	verse2_10	mid	季節がいくつ過ぎても
59.26	61.77	verse2_10	mid	あの日の声は胸に残る
62.60	64.60	verse2_11	mid	遠い街の窓辺にも
64.71	66.38	verse2_11	mid	同じ朝が来るね
66.96	69.30	verse2_12	mid	少し大人になった顔で
69.64	71.81	verse2_12	mid	今度はちゃんと伝えよう
72.36	73.86	verse2_13	mid	待っていてくれて
74.28	75.28	verse2_13	mid	ありがとう
76.10	78.33	chorus2_14	mid	虹の向こうで会いたい
78.66	81.07	chorus2_14	mid	ひとりじゃないって思える
81.60	83.08	chorus2_15	mid	離れていても
83.34	85.01	chorus2_15	mid	ちゃんと覚えてる
85.76	88.17	chorus2_16	mid	心に咲く君の笑顔
88.76	90.24	chorus2_17	mid	虹の向こうで
90.50	91.61	chorus2_17	mid	もう一度
106.72	110.72	bridge_18	low	雨上がりの道を
111.62	115.42	bridge_19	low	並んで歩こう
116.50	120.50	bridge_20	low	言えなかった話を
121.38	125.18	bridge_21	low	ゆっくり聞かせて
147.54	151.14	final_22	low	虹の向こうで会えたなら
151.90	155.50	final_23	low	もう手を離さないよ
156.44	160.04	final_24	low	遠回りした日々も抱きしめながら
160.76	164.36	final_25	low	同じ空を見上げて笑おう
168.40	170.60	outro1	low	虹の向こうで
172.20	173.30	outro1	low	また
173.90	177.40	outro2	low	またねじゃなくて
179.10	182.90	outro2	low	おかえりって
